device_id,ram
11706,2GB
10981,2GB
10980,1GB
10679,4GB
10680,3GB
10682,2GB
11659,2GB
10618,2GB
10618,3GB
10618,4GB
10490,4GB
10490,6GB
10016,4GB
10017,3GB
10018,2GB
10019,2GB
10042,3GB
9842,4GB
9842,6GB
9843,1GB
9843,2GB
9843,3GB
10108,1GB
10108,2GB
10108,3GB
9837,1.5GB
9510,2GB
9511,1GB
9985,1GB
9574,2GB
9291,2GB
9012,2GB
9012,3GB
9004,2GB
9084,2GB
9084,3GB
9085,2GB
9086,1GB
9086,2GB
8989,1GB
9093,1GB
9094,1GB
8844,3GB
8832,3GB
8843,3GB
8569,3GB
8377,2GB
8298,2GB
8205,2GB
8157,1GB
8449,4GB
7896,3GB
7897,2GB
7897,3GB
8167,1GB
8230,1GB
7776,1GB
7720,2GB
7570,2GB
7190,2GB
7234,1GB
7081,2GB
7080,1.5GB
7098,1GB
7097,1GB
7096,512MB
7095,512MB
6936,1GB
6934,1GB
6934,512MB
6933,512MB
6979,256MB
6774,512MB
6773,512MB
6732,1GB
6712,128MB
6657,1GB
6656,1GB
7154,1GB
7153,512MB
6655,1GB
6654,2GB
6653,2GB
6619,512MB
6599,512MB
6516,512MB
6153,1GB
6152,1GB
6151,1GB
6139,512MB
6138,512MB
6134,1GB
6130,1GB
6135,1GB
6131,1GB
6132,512MB
5937,2GB
5938,1GB
5741,1GB
5740,512MB
5693,1GB
5693,512MB
5692,512MB
5687,512MB
5691,512MB
5671,1GB
5672,2GB
5668,1GB
5669,512MB
5449,1GB
5681,256MB
5318,2GB
5319,256MB
5332,512MB
5231,1GB
5230,1GB
5229,256MB
5228,512MB
5242,1GB
5242,512MB
5226,1GB
5218,1GB
5139,512MB
5110,1GB
5165,1GB
5080,512MB
4663,256MB
4661,512MB
4659,256MB
4528,256MB
12558,6GB
12559,6GB
11773,6GB
11860,6GB
11862,6GB
11861,6GB
11410,4GB
11089,6GB
11102,6GB
11103,4GB
11104,4GB
10237,6GB
10508,6GB
10509,4GB
10510,4GB
10170,3GB
9846,4GB
9847,4GB
9848,4GB
9319,4GB
9318,4GB
9320,3GB
8858,3GB
8131,3GB
8573,2GB
8065,3GB
8064,2GB
7969,2GB
7243,2GB
7242,2GB
6665,1GB
6378,1GB
5685,1GB
5690,1GB
5070,512MB
5061,512MB
4910,1GB
4212,512MB
3275,512MB
3716,512MB
12380,16GB
12380,8GB
11656,16GB
11656,6GB
11656,8GB
10892,8GB
10893,12GB
10893,16GB
10893,6GB
10893,8GB
10393,8GB
10379,6GB
10379,8GB
10296,12GB
10296,16GB
10296,8GB
10328,12GB
10328,8GB
9770,12GB
9770,8GB
9698,12GB
9698,6GB
9698,8GB
9634,3GB
9634,4GB
9633,3GB
9633,4GB
9410,3GB
9410,4GB
9410,6GB
9373,3GB
9372,2GB
9224,8GB
9194,1GB
9194,2GB
9173,3GB
9173,4GB
9173,6GB
9096,4GB
9096,6GB
9096,8GB
9061,4GB
9061,6GB
9068,3GB
9068,4GB
9097,2GB
9097,3GB
8953,2GB
8953,3GB
8953,4GB
8866,4GB
8783,6GB
8782,4GB
8782,6GB
8892,2GB
8862,3GB
8808,3GB
8808,4GB
8784,4GB
8811,2GB
8811,3GB
8814,2GB
8814,3GB
8810,3GB
8749,3GB
8801,3GB
8681,2GB
8579,2GB
8550,3GB
8502,6GB
8502,8GB
8509,3GB
8509,4GB
8503,1GB
8493,4GB
8467,2GB
8425,2GB
8425,3GB
8425,4GB
8384,4GB
8218,4GB
8207,2GB
8207,3GB
8206,2GB
8206,4GB
8197,3GB
8197,4GB
8156,2GB
8156,3GB
8130,3GB
8130,4GB
8129,4GB
8129,6GB
8106,3GB
8106,4GB
8111,2GB
8111,3GB
8262,1GB
8097,1GB
8095,2GB
8045,2GB
8048,1GB
7866,2GB
7733,3GB
7577,4GB
7368,2GB
7476,2GB
7475,4GB
7479,2GB
7479,3GB
7757,2GB
7757,3GB
7477,2GB
7477,3GB
7478,2GB
7474,2GB
7473,2GB
7444,1GB
7378,3GB
7255,1GB
7255,2GB
7256,1GB
7261,2GB
7261,3GB
7044,2GB
7120,2GB
6917,2GB
6917,4GB
7045,2GB
6982,1GB
6953,1GB
6953,2GB
6918,2GB
6918,4GB
6897,2GB
6737,1GB
6630,2GB
6629,2GB
6429,1GB
6429,2GB
6428,1GB
6414,2GB
6413,1GB
6412,1GB
6394,1GB
6519,2GB
6238,2GB
6120,2GB
6853,2GB
5953,2GB
7160,2GB
5952,2GB
5891,1GB
5706,2GB
5675,1GB
5674,1GB
5494,2GB
5329,1GB
5328,2GB
5249,1GB
5091,1GB
5017,2GB
4850,1GB
4422,1GB
3965,1GB
12603,8GB
12459,6GB
12458,4GB
12457,4GB
12456,2GB
12153,4GB
12102,2GB
11830,2GB
11829,1GB
11828,3GB
11757,8GB
11716,1GB
11715,4GB
11673,1GB
11672,1GB
11643,4GB
11509,3GB
11368,3GB
11348,2GB
11319,1GB
11318,1GB
11258,3GB
11096,2GB
11095,1GB
11094,1GB
11073,6GB
10934,3GB
10935,1GB
10781,4GB
10745,3GB
10741,1GB
10730,3GB
10729,1GB
10731,1GB
10732,2GB
10607,2GB
10535,1GB
10537,1GB
10538,1GB
10540,1GB
10539,1GB
10470,2GB
10453,2GB
10403,4GB
10359,1GB
10313,4GB
10312,3GB
10160,1GB
10107,1GB
10106,1GB
10105,1GB
10047,2GB
10046,2GB
10045,3GB
9967,1GB
9930,1GB
9929,512MB
9855,4GB
9877,2GB
9876,2GB
9718,4GB
9597,1GB
9542,1GB
9482,1GB
9470,3GB
9360,1GB
9325,512MB
9314,3GB
9307,4GB
9307,6GB
9302,1GB
9301,512MB
9277,1GB
9254,1GB
9253,1GB
9223,3GB
9184,1GB
9165,3GB
9154,2GB
9146,512MB
9131,3GB
9072,4GB
9064,2GB
9063,2GB
9007,1GB
8835,4GB
8621,4GB
7892,1GB
7558,3GB
7523,1GB
6928,1GB
6927,512MB
6925,1GB
6924,1GB
6900,2GB
6899,1GB
6838,1GB
6835,512MB
6669,1GB
6565,1GB
6567,512MB
6406,2GB
6405,1GB
6346,2GB
6346,3GB
6330,1GB
6277,512MB
6276,256MB
6244,1GB
6243,512MB
6242,1GB
6041,1GB
5986,1GB
5957,1GB
5956,1GB
5955,2GB
5954,1GB
5935,1GB
5920,2GB
5909,512MB
5908,512MB
5873,1GB
5761,1GB
5661,512MB
5660,512MB
5662,256MB
5593,512MB
5489,512MB
5458,1GB
5459,1GB
5460,512MB
5411,256MB
5360,1GB
5358,1GB
5359,1GB
5295,512MB
5282,1GB
5281,1GB
5209,512MB
5208,256MB
5206,1GB
5205,1GB
5202,512MB
5201,512MB
5023,256MB
4947,512MB
4946,256MB
4901,512MB
4370,512MB
4224,512MB
3548,256MB
12454,2GB
12269,12GB
12269,8GB
12522,4GB
12523,4GB
11948,2GB
11642,8GB
10790,4GB
10681,8GB
10529,6GB
10594,2GB
10357,4GB
10593,3GB
10592,3GB
10595,2GB
10297,6GB
9965,3GB
9924,4GB
9797,3GB
9797,4GB
9735,6GB
9734,4GB
9734,6GB
9487,3GB
9487,4GB
9179,4GB
9179,6GB
9119,6GB
9102,3GB
9071,2GB
9071,3GB
8990,4GB
8908,4GB
8908,6GB
8885,3GB
8885,4GB
8630,4GB
8630,6GB
8519,4GB
8518,3GB
8518,4GB
8404,3GB
8444,2GB
8277,4GB
8884,3GB
8297,2GB
8297,3GB
8276,3GB
8633,3GB
8128,3GB
8086,2GB
8066,3GB
8072,2GB
8031,3GB
7884,4GB
7942,2GB
7941,2GB
7940,1.5GB
8348,1.5GB
7836,3GB
7758,2GB
7731,2GB
7731,3GB
7753,1.5GB
7753,2GB
7627,2GB
7592,3GB
7591,3GB
7576,2GB
7576,3GB
7418,1.5GB
7418,1GB
7419,1.5GB
7275,3GB
7267,1GB
7194,1GB
6977,3GB
7165,2GB
7111,3GB
7310,2GB
6891,3GB
7115,2GB
7183,1GB
6968,1GB
6968,2GB
6947,1GB
6921,2GB
6913,1GB
6841,1GB
6830,1GB
6736,1GB
6713,2GB
6715,2GB
6719,1GB
6854,1GB
6637,2GB
6636,2GB
6621,2GB
6608,1GB
6589,2GB
6588,2GB
6581,2GB
6528,1.5GB
6483,2GB
6463,1GB
6397,2GB
6345,1GB
6234,1GB
6316,512MB
6233,2GB
6074,2GB
6009,1GB
6487,1.5GB
6073,1.5GB
6160,1GB
5907,1GB
6552,1GB
5870,1GB
5871,1GB
5704,2GB
5666,512MB
5667,1GB
5623,1GB
5505,1GB
5547,1GB
5537,2GB
5536,512MB
5465,1GB
5395,1GB
5498,2GB
5313,2GB
5261,512MB
5118,2GB
5113,2GB
5106,1GB
5105,1GB
5100,768MB
5016,1GB
4976,1GB
5104,1GB
4975,1GB
5000,512MB
4980,1GB
4979,1GB
4951,768MB
4830,512MB
5861,768MB
4829,512MB
4805,512MB
4759,512MB
4997,1GB
4744,1GB
4665,1GB
4977,1GB
4320,1GB
4614,1GB
4572,1GB
4836,1GB
4574,1GB
4575,512MB
4525,1GB
4435,1GB
4099,1GB
4302,1GB
4202,768MB
4161,768MB
4102,512MB
4097,1GB
3958,1GB
4132,768MB
4285,768MB
4196,768MB
4164,768MB
4027,512MB
4131,512MB
4070,768MB
4022,512MB
3964,576MB
3938,768MB
3922,768MB
3901,1GB
3875,768MB
3895,1GB
3887,576MB
3739,512MB
3788,768MB
3776,768MB
3777,512MB
3786,512MB
3787,512MB
3829,1GB
3953,1GB
3896,1GB
3706,768MB
3703,768MB
3702,512MB
3585,384MB
3338,576MB
3576,576MB
3557,448MB
3530,576MB
3118,576MB
3556,576MB
3468,768MB
3421,512MB
5058,1GB
3392,384MB
3577,384MB
3337,384MB
3163,384MB
3077,576MB
3141,384MB
3069,512MB
3427,512MB
12720,8GB
12648,8GB
12585,16GB
12530,12GB
12259,8GB
12020,6GB
12020,8GB
11918,6GB
11918,8GB
11858,12GB
11856,8GB
11641,6GB
11641,8GB
11489,4GB
11247,8GB
11328,4GB
11177,4GB
11177,6GB
11120,8GB
11121,8GB
11048,8GB
11030,8GB
10755,4GB
10755,8GB
10642,8GB
10645,8GB
10652,4GB
10652,8GB
10579,8GB
10551,12GB
10551,8GB
10550,12GB
10550,8GB
10555,8GB
10519,8GB
10546,4GB
10475,4GB
10429,6GB
10429,8GB
10417,6GB
10417,8GB
10418,4GB
10418,6GB
10299,6GB
10299,8GB
10252,6GB
10252,8GB
10292,4GB
10249,4GB
10249,6GB
10236,6GB
10236,8GB
10219,6GB
10219,8GB
10231,2GB
10231,3GB
10227,4GB
10222,3GB
10222,4GB
10223,2GB
10212,4GB
10203,8GB
10204,8GB
10205,6GB
10205,8GB
11010,4GB
10153,6GB
10153,8GB
10112,4GB
10073,6GB
10074,4GB
10012,3GB
9799,6GB
9956,6GB
9922,6GB
9933,4GB
9933,6GB
9933,8GB
9905,4GB
9905,6GB
9887,12GB
9880,8GB
9885,8GB
9881,6GB
9881,8GB
9886,6GB
9886,8GB
9765,6GB
9765,8GB
9830,4GB
9830,6GB
9830,8GB
9803,6GB
9803,8GB
9823,6GB
9747,4GB
9747,8GB
9746,8GB
9728,8GB
9742,4GB
9694,4GB
9705,6GB
9705,8GB
9635,6GB
9635,8GB
9530,6GB
9530,8GB
9545,4GB
9545,6GB
9545,8GB
9627,4GB
9627,6GB
9627,8GB
9675,2GB
9645,3GB
9644,4GB
9644,6GB
9643,4GB
9668,3GB
9668,4GB
9576,3GB
9620,2GB
9625,3GB
9625,4GB
9531,3GB
9500,3GB
9500,4GB
9501,1GB
9409,3GB
9466,3GB
9466,4GB
9368,8GB
9369,6GB
9369,8GB
9343,6GB
9343,8GB
9367,4GB
9367,6GB
9324,3GB
9324,4GB
9324,6GB
9284,4GB
9284,6GB
9272,3GB
9272,6GB
9632,4GB
9632,6GB
9267,4GB
9267,6GB
9209,1GB
9209,2GB
9196,1GB
9502,2GB
9502,3GB
9162,2GB
9162,3GB
9141,6GB
9106,6GB
9106,8GB
9107,4GB
9107,6GB
9098,3GB
9098,4GB
9188,3GB
9114,3GB
9114,4GB
9265,2GB
9112,3GB
9112,4GB
9092,4GB
8961,3GB
8961,4GB
8943,4GB
8943,6GB
8899,6GB
8854,4GB
8854,6GB
8877,4GB
8857,4GB
8833,2GB
8632,3GB
8715,3GB
8715,4GB
8637,3GB
8637,4GB
8703,4GB
8672,4GB
8663,2GB
8578,2GB
8578,3GB
8635,1GB
8635,2GB
8687,2GB
8695,2GB
8640,2GB
8686,1GB
8515,4GB
8515,6GB
8514,4GB
8598,3GB
8598,4GB
8516,3GB
8516,4GB
8458,2GB
8458,3GB
8396,4GB
8396,6GB
8415,6GB
8073,4GB
8402,3GB
8315,4GB
8312,3GB
8284,3GB
8302,2GB
8302,3GB
8301,1GB
8301,2GB
8285,3GB
8285,4GB
8138,2GB
8084,3GB
8037,1GB
8036,1GB
7983,2GB
7983,3GB
7745,4GB
7972,3GB
7972,4GB
7793,2GB
7239,3GB
7239,4GB
7744,3GB
7647,2GB
7588,3GB
7533,3GB
7440,1GB
7440,2GB
7309,2GB
7309,3GB
7829,1GB
7206,1GB
7279,2GB
7201,2GB
7200,3GB
7006,3GB
7187,1GB
7075,2GB
7075,3GB
7076,1GB
7077,512MB
6909,512MB
6908,512MB
6896,1GB
6869,3GB
7308,1GB
6705,1GB
6677,1GB
6676,1GB
6646,2GB
6543,2GB
6543,3GB
6678,1GB
6499,1GB
6493,512MB
6124,2GB
6332,1GB
6290,1GB
6278,512MB
6168,1GB
6136,1GB
6137,1GB
6129,2GB
6103,512MB
5981,1GB
5979,2GB
5949,2GB
5936,512MB
5921,256MB
5840,1GB
5910,512MB
5485,512MB
5633,2GB
5699,1GB
5632,1GB
5698,1GB
5539,1GB
5467,2GB
5386,512MB
5382,1GB
5365,256MB
5267,1GB
5257,1GB
5327,1GB
5648,512MB
5439,1GB
5065,512MB
5237,2GB
5164,2GB
5250,512MB
5141,1GB
5112,512MB
5077,256MB
5068,512MB
5022,1GB
5020,512MB
4963,768MB
4966,512MB
4882,1GB
4839,256MB
4838,256MB
5383,512MB
4594,512MB
4410,1GB
5002,1GB
4570,1GB
4569,1GB
4568,1GB
4409,1GB
4381,512MB
4264,1GB
4265,1GB
4260,256MB
4234,256MB
4109,512MB
4057,256MB
4226,512MB
4204,256MB
3789,512MB
3595,512MB
3596,512MB
3840,256MB
3513,256MB
3451,256MB
11924,2GB
11924,3GB
11924,4GB
11924,6GB
11822,8GB
11498,4GB
11498,6GB
11473,2GB
11473,3GB
11473,4GB
12476,12GB
12476,16GB
12052,3GB
12052,4GB
12521,3GB
12521,4GB
11747,12GB
11747,16GB
11747,8GB
11394,12GB
11394,8GB
12008,4GB
10972,2GB
10992,2GB
10970,4GB
10630,4GB
10733,4GB
10406,2GB
10406,4GB
10329,12GB
10329,16GB
9821,4GB
9821,6GB
9822,2GB
9822,3GB
9826,2GB
9826,3GB
9825,2GB
9825,3GB
9824,1GB
9824,2GB
9757,6GB
9757,8GB
9754,12GB
9754,6GB
9754,8GB
9711,4GB
9711,6GB
9671,12GB
9671,6GB
9671,8GB
9655,4GB
9609,3GB
9609,4GB
9490,4GB
9490,6GB
9436,4GB
9436,6GB
9489,12GB
9489,6GB
9489,8GB
9349,6GB
9375,6GB
9374,4GB
9374,6GB
9371,3GB
9222,6GB
9226,3GB
9226,4GB
9225,2GB
9225,3GB
9144,2GB
9144,3GB
9143,3GB
9116,3GB
9116,4GB
8973,2GB
8973,3GB
8942,1GB
8942,2GB
8941,1GB
8941,2GB
8834,3GB
8834,4GB
8850,3GB
8794,3GB
8794,4GB
8603,3GB
8603,4GB
8602,2GB
8559,3GB
8423,4GB
8423,6GB
8376,2GB
8375,1GB
8506,1GB
8320,1GB
8319,3GB
8319,4GB
8318,3GB
8318,4GB
8317,2GB
8317,3GB
8316,2GB
8208,512MB
8193,1GB
8147,3GB
8146,3GB
8145,4GB
8125,3GB
8125,4GB
8101,1GB
8038,4GB
8038,6GB
7952,1GB
7952,2GB
7951,1GB
7947,2GB
7946,2GB
7939,2GB
7918,3GB
7878,3GB
7878,4GB
7865,2GB
7850,2GB
7802,2GB
7802,3GB
7755,3GB
7742,1GB
7605,1GB
8142,1GB
7557,2GB
7539,2GB
7711,2GB
7552,1GB
7540,2GB
7354,3GB
7511,3GB
7507,1GB
8043,512MB
7233,512MB
7214,2GB
7197,2GB
7192,512MB
7147,2GB
7046,3GB
7886,2GB
7088,2GB
7167,1GB
7090,1GB
7063,2GB
6956,1GB
8185,1GB
6955,1GB
6938,1GB
6920,2GB
6919,2GB
6848,1GB
6842,1GB
6855,1GB
6789,512MB
6788,1GB
6787,1GB
6739,1GB
6739,2GB
6746,1GB
6730,2GB
6681,2GB
6643,2GB
6642,2GB
6595,1GB
6396,3GB
6529,2GB
6293,1GB
6293,2GB
6370,1GB
6673,1GB
6369,1GB
6368,1GB
6296,512MB
6674,1GB
6283,1GB
6281,1GB
6280,1GB
6279,1GB
6159,2GB
6158,1GB
6157,1GB
6047,1GB
5934,1GB
5894,1GB
5893,1GB
5843,2GB
5830,512MB
5851,512MB
5684,2GB
5683,1GB
5689,1GB
5612,1GB
5544,1GB
5486,1GB
5450,512MB
5850,512MB
5385,1GB
5353,1GB
5352,1GB
5241,2GB
5244,1GB
5247,1GB
5463,1GB
5462,1GB
5245,512MB
5333,512MB
5246,512MB
5243,512MB
5140,1GB
5095,256MB
5094,512MB
5060,512MB
4985,512MB
4956,1GB
4911,512MB
4424,1GB
4424,512MB
4445,1GB
10742,6GB
10743,4GB
10744,4GB
10585,4GB
10586,4GB
10564,6GB
10464,4GB
10558,4GB
10463,4GB
10459,3GB
10597,2GB
10597,3GB
10368,6GB
10451,3GB
10382,2GB
10090,3GB
10088,4GB
10087,3GB
10086,3GB
9906,8GB
9844,6GB
9827,2GB
9828,1GB
9805,2GB
9805,3GB
9804,3GB
9753,4GB
9752,3GB
9752,4GB
9751,3GB
9758,3GB
9607,6GB
9540,6GB
9585,3GB
9586,3GB
9587,2GB
9587,3GB
9411,4GB
9300,6GB
9544,2GB
9309,2GB
9305,4GB
9304,4GB
9285,4GB
9278,2GB
9278,3GB
9251,2GB
9228,3GB
9228,4GB
9191,6GB
9206,3GB
9206,4GB
9115,4GB
9115,6GB
9090,6GB
9122,2GB
10072,2GB
9190,2GB
9074,2GB
9074,3GB
9073,2GB
9047,2GB
9006,2GB
8712,4GB
8781,4GB
8756,2GB
8756,3GB
8756,4GB
8780,2GB
8696,2GB
8466,4GB
8584,1.5GB
8584,2GB
8694,2GB
8492,2GB
8492,3GB
8679,1.5GB
8678,2GB
8491,2GB
8490,1.5GB
8817,1GB
8817,2GB
8489,1GB
8488,1GB
8238,4GB
8184,1.5GB
8183,2GB
8159,1.5GB
8158,3GB
8081,2GB
8133,2GB
8132,1.5GB
8079,2GB
8079,3GB
8085,2GB
7980,1GB
8269,1GB
8056,3GB
7815,4GB
7977,2GB
7976,2GB
7927,1.5GB
7926,1.5GB
7926,2GB
7849,1.5GB
7849,1GB
7849,2GB
7848,1.5GB
7848,1GB
7883,1GB
7773,1GB
7675,2GB
7606,4GB
7556,2GB
7575,1.5GB
7575,2GB
7496,1.5GB
7451,1GB
7442,1GB
7437,1GB
7363,1.5GB
7250,1GB
7253,3GB
7245,1GB
7245,2GB
7212,1GB
7212,2GB
7148,1.5GB
7051,1GB
7052,1GB
7053,1GB
7054,512MB
6916,2GB
6916,3GB
6812,1GB
6776,1GB
6764,3GB
6750,2GB
6709,1GB
6606,512MB
6555,1GB
6593,1GB
6592,1GB
6575,1GB
6569,1.5GB
6562,2GB
6554,1GB
6546,512MB
6545,1.5GB
6520,3GB
6475,1GB
6315,1GB
6572,3GB
6294,2GB
6294,3GB
6357,1GB
6353,1GB
6352,1GB
7038,1GB
6326,1GB
6307,1GB
6173,2GB
6133,1GB
6118,1GB
6117,1GB
6077,1GB
6171,1GB
6100,1GB
6285,1GB
6101,1GB
6286,512MB
6102,512MB
6052,3GB
6032,512MB
5998,1GB
5901,2GB
5705,2GB
5806,2GB
5772,1GB
5736,1GB
5750,512MB
5673,2GB
5543,2GB
5650,1GB
5649,1GB
5602,2GB
5488,512MB
5487,512MB
5554,512MB
5509,1GB
5390,1GB
5315,1GB
5722,1GB
5316,1GB
5254,2GB
5372,768MB
5275,768MB
5373,512MB
5293,512MB
5389,512MB
5292,512MB
5608,512MB
5048,2GB
5078,1GB
5032,1GB
5025,1GB
5062,2GB
4751,2GB
4941,2GB
5005,1GB
4982,768MB
4981,1GB
4964,512MB
4955,1GB
4948,1GB
4932,1GB
4835,384MB
4749,512MB
4739,2GB
4717,1GB
4653,1GB
4649,512MB
4563,1GB
4562,1GB
4545,1GB
4565,512MB
4571,512MB
4554,1GB
4461,384MB
4430,1GB
4416,1GB
4377,1GB
4064,1GB
4329,1GB
4353,1GB
4257,512MB
4213,1GB
4188,1GB
4201,1GB
4140,1GB
4157,512MB
4067,512MB
4309,512MB
4043,512MB
4289,512MB
4287,512MB
4037,512MB
4040,256MB
3886,512MB
3759,512MB
3704,512MB
3762,512MB
3598,512MB
3731,256MB
3558,512MB
3532,512MB
3516,512MB
3081,156MB
12471,4GB
12381,4GB
12381,6GB
12381,8GB
12321,3GB
12244,6GB
12184,2GB
12184,3GB
12184,4GB
12139,3GB
12139,4GB
12139,6GB
12137,4GB
12137,6GB
12085,2GB
12085,3GB
11831,6GB
11831,8GB
11826,4GB
11826,6GB
11825,3GB
11825,4GB
11669,3GB
11669,4GB
11644,3GB
11644,4GB
11629,3GB
11381,2GB
11381,3GB
11381,4GB
11380,2GB
11380,3GB
11382,1GB
11382,2GB
11358,3GB
11358,4GB
11356,3GB
11356,4GB
11356,6GB
11207,6GB
11135,4GB
11077,4GB
11077,6GB
11013,4GB
11013,6GB
10967,2GB
10967,3GB
10967,4GB
11019,1GB
10959,3GB
10955,1GB
10955,2GB
10838,6GB
10838,8GB
10840,4GB
10840,6GB
10841,4GB
10842,3GB
10842,4GB
10843,1GB
10843,2GB
10844,1GB
10844,2GB
10700,1GB
10700,2GB
10700,3GB
10624,4GB
10624,6GB
10584,1GB
10588,6GB
10547,2GB
10404,3GB
10404,4GB
10460,2GB
10460,3GB
10351,2GB
10351,3GB
10273,3GB
10275,2GB
10274,2GB
10142,6GB
10142,8GB
10117,3GB
10117,4GB
10117,6GB
10143,1GB
9993,1GB
9988,2GB
9833,4GB
9833,6GB
9834,3GB
9834,4GB
9731,2GB
9731,3GB
9652,6GB
8867,6GB
9603,2GB
9603,3GB
10619,2GB
9604,2GB
9604,3GB
9538,1GB
9538,3GB
9342,4GB
9342,6GB
9364,2GB
9364,3GB
9354,3GB
9354,4GB
9178,4GB
9178,6GB
9246,3GB
9246,4GB
9246,6GB
9214,2GB
9214,3GB
9215,2GB
9215,3GB
9216,1GB
9087,6GB
9058,4GB
9058,6GB
8972,3GB
8972,4GB
9052,1GB
8513,1GB
8907,4GB
8907,6GB
8522,4GB
8522,6GB
8572,2GB
8571,2GB
8571,3GB
6885,3GB
6885,4GB
6877,1GB
6814,2GB
6640,1GB
6639,1GB
6638,1GB
6524,512MB
6523,512MB
6383,1GB
6227,2GB
6254,1GB
6255,512MB
6232,512MB
6148,768MB
6147,768MB
6067,512MB
5833,2GB
5869,1GB
5760,2GB
5791,1GB
5438,512MB
5506,2GB
5451,1GB
5437,1GB
5321,512MB
5322,512MB
5150,256MB
5147,512MB
5090,1GB
5069,256MB
5024,1GB
4967,1GB
4968,1GB
4695,256MB
4662,512MB
4576,256MB
4578,512MB
4275,512MB
4240,512MB
4372,512MB
4276,512MB
4220,128MB
4223,128MB
4222,128MB
3398,1GB
3885,256MB
3578,128MB
3545,256MB
3524,256MB
3394,256MB
3397,128MB
3390,128MB
3252,256MB
3109,128MB
12773,12GB
12773,8GB
12784,6GB
12785,6GB
12785,8GB
12616,4GB
12616,8GB
12520,8GB
12584,4GB
12584,6GB
12583,4GB
12583,6GB
12189,8GB
12074,4GB
12074,6GB
12074,8GB
12024,12GB
12024,8GB
12083,8GB
12082,8GB
12151,4GB
12151,6GB
12004,4GB
12004,6GB
12004,8GB
11945,2GB
11945,3GB
11945,4GB
11803,3GB
11803,4GB
11736,4GB
11736,6GB
11736,8GB
11633,4GB
11633,6GB
11665,3GB
11665,4GB
11600,6GB
11564,4GB
11439,6GB
11439,8GB
11459,6GB
11268,4GB
11268,6GB
11268,8GB
11429,4GB
11429,6GB
11429,8GB
11403,4GB
11403,6GB
11373,4GB
11373,6GB
11373,8GB
11402,3GB
11402,4GB
11402,6GB
10954,6GB
10954,8GB
11149,4GB
11149,6GB
11244,2GB
11244,3GB
11244,4GB
11215,2GB
11124,6GB
11124,8GB
11110,6GB
11110,8GB
11062,6GB
11062,8GB
10937,2GB
10937,3GB
10937,4GB
11039,4GB
11039,6GB
11039,8GB
11087,4GB
11087,6GB
11041,3GB
11041,4GB
11015,4GB
11015,6GB
10996,4GB
10996,6GB
10873,4GB
10873,6GB
10873,8GB
10948,4GB
10948,6GB
10900,8GB
10848,6GB
10848,8GB
10860,3GB
10860,4GB
10850,6GB
10825,4GB
10824,3GB
10824,4GB
10469,6GB
10469,8GB
10631,6GB
10631,8GB
10641,4GB
10641,6GB
10641,8GB
10718,4GB
10753,4GB
10753,6GB
10753,8GB
10740,6GB
10740,8GB
10578,4GB
10578,6GB
10648,4GB
10648,6GB
10648,8GB
10663,3GB
10663,4GB
10604,2GB
10604,3GB
10604,4GB
10604,6GB
10709,2GB
10709,3GB
10708,2GB
10708,3GB
10708,4GB
10603,1GB
10603,2GB
10603,3GB
10603,4GB
10580,4GB
10580,6GB
10496,6GB
10498,6GB
10377,6GB
10377,8GB
10428,6GB
10428,8GB
10412,4GB
10412,6GB
10412,8GB
10148,6GB
10148,8GB
10371,6GB
10261,12GB
10261,8GB
10355,12GB
10355,8GB
10338,8GB
10333,6GB
10333,8GB
10335,3GB
10316,1GB
10316,2GB
10314,1GB
10314,2GB
10216,3GB
10239,2GB
10239,3GB
10239,4GB
10239,6GB
10208,1GB
10243,8GB
10157,6GB
10157,8GB
10483,3GB
10124,3GB
10124,4GB
10149,4GB
10149,6GB
10149,8GB
10138,4GB
10138,8GB
10111,4GB
10111,6GB
10132,2GB
10132,3GB
10132,4GB
10079,6GB
10079,8GB
10040,12GB
10040,16GB
10084,12GB
10084,16GB
10041,12GB
10041,8GB
10080,8GB
10254,8GB
10044,12GB
10044,8GB
10081,8GB
10004,6GB
10001,4GB
10003,6GB
10003,8GB
9917,6GB
9917,8GB
9999,2GB
9995,6GB
9995,8GB
9963,4GB
9963,6GB
9963,8GB
9937,4GB
9899,6GB
9899,8GB
9852,2GB
9852,3GB
9852,4GB
9818,4GB
9818,6GB
9861,3GB
9795,6GB
9795,8GB
9796,3GB
9796,4GB
9806,4GB
9806,6GB
9787,12GB
9732,12GB
9789,12GB
9788,8GB
9793,2GB
9793,3GB
9790,2GB
9790,3GB
9781,4GB
9781,6GB
9781,8GB
9730,3GB
9636,1GB
9588,8GB
9536,6GB
9536,8GB
9537,6GB
9537,8GB
9721,4GB
9721,6GB
9505,3GB
9505,4GB
9505,6GB
9506,3GB
9506,4GB
9508,2GB
9508,3GB
9659,8GB
9646,6GB
9646,8GB
9616,6GB
9554,4GB
9554,6GB
9642,4GB
9579,3GB
9579,4GB
9661,3GB
9640,3GB
9580,2GB
9580,4GB
9581,4GB
9581,6GB
9665,2GB
9432,6GB
9432,8GB
9352,6GB
9344,6GB
9344,8GB
9340,4GB
9340,6GB
9163,6GB
9163,8GB
9334,3GB
9334,4GB
9397,1GB
9335,2GB
9335,3GB
9255,1GB
9260,3GB
9260,4GB
9234,2GB
8928,2GB
9220,4GB
9220,6GB
9202,4GB
9205,3GB
9205,4GB
9203,2GB
9203,3GB
9203,4GB
9204,2GB
9204,3GB
9156,3GB
9156,4GB
9155,3GB
9155,4GB
9153,3GB
9153,4GB
9135,3GB
8967,4GB
8967,6GB
8966,4GB
8904,1.5GB
8904,2GB
8790,4GB
8790,6GB
8886,4GB
8900,1GB
8725,2GB
8789,4GB
8505,6GB
8676,4GB
8778,2GB
8683,4GB
8684,4GB
8675,3GB
8561,3GB
8705,2GB
8705,3GB
8438,2GB
9331,2GB
9331,3GB
8682,1GB
8161,4GB
8523,4GB
8523,6GB
8437,4GB
8577,2GB
8397,1GB
8486,1.5GB
8435,4GB
8335,3GB
8494,3GB
8336,2GB
8385,1.5GB
8424,1.5GB
8347,6GB
7801,3GB
8367,3GB
8265,3GB
8342,2GB
8314,3GB
8288,1GB
8242,4GB
8082,4GB
8140,2GB
8192,2GB
8186,1.5GB
8228,2GB
8083,1.5GB
8455,1.5GB
8004,4GB
8126,2GB
8046,4GB
8047,4GB
7903,4GB
7870,2GB
7869,2GB
7880,1.5GB
7821,4GB
7945,4GB
7961,4GB
7960,4GB
7768,1GB
7768,768MB
7879,1.5GB
7864,1GB
7641,3GB
7759,3GB
7789,2GB
7791,1.5GB
8022,1.5GB
7760,1.5GB
7760,2GB
7679,1.5GB
7648,1.5GB
7273,1GB
7673,1GB
7673,512MB
7673,768MB
7504,4GB
7431,4GB
7508,4GB
7505,4GB
7467,4GB
7509,4GB
6506,2GB
7468,1.5GB
7453,1.5GB
7506,2GB
7249,2GB
7395,512MB
8785,2GB
8785,3GB
7185,1.5GB
7184,1.5GB
7114,3GB
7134,1GB
8883,2GB
7121,1.5GB
7121,2GB
6990,1.5GB
7166,3GB
7164,3GB
7079,3GB
7377,3GB
6849,3GB
7034,768MB
7357,1GB
6907,512MB
7110,1GB
6894,768MB
7132,2GB
6763,2GB
6905,1.5GB
6879,2GB
6906,1.5GB
6716,1GB
6802,2GB
6761,2GB
6803,1GB
6762,1.5GB
6762,1GB
6748,2GB
6725,512MB
6790,1GB
6708,1GB
6706,1GB
6631,3GB
6749,3GB
6758,3GB
6434,3GB
6658,1.5GB
6659,1.5GB
6482,1.5GB
6576,2GB
6580,2GB
6573,2GB
6563,1.5GB
6542,1.5GB
6662,512MB
6534,512MB
6391,512MB
6252,1.5GB
6478,1GB
6479,512MB
6480,512MB
6481,512MB
6331,768MB
6460,2GB
6450,3GB
6435,3GB
6439,3GB
6432,1GB
6433,1.5GB
6404,1.5GB
6356,2GB
6210,2GB
6289,1.5GB
6284,512MB
6251,1.5GB
6250,1.5GB
6241,1.5GB
6249,1.5GB
6248,1.5GB
6240,1.5GB
6209,1GB
6190,1GB
6272,2GB
6237,2GB
6338,2GB
6033,2GB
6846,1.5GB
6099,1GB
6054,512MB
6015,2GB
5961,2GB
5975,1GB
5969,1GB
5958,1GB
6049,2GB
5946,2GB
5928,2GB
5904,1GB
5889,2GB
5887,3GB
5886,1.5GB
5876,768MB
5862,1.5GB
5814,1.5GB
5803,1.5GB
5542,2GB
5786,1GB
5766,3GB
5841,512MB
5749,512MB
5665,3GB
5597,512MB
5548,1GB
5447,1.5GB
5375,1.5GB
5446,2GB
5456,1.5GB
5468,1GB
5419,1GB
5423,1GB
5422,1GB
5398,1.5GB
5396,1.5GB
5394,768MB
5392,1GB
5391,512MB
5314,512MB
5371,2GB
5125,2GB
5420,2GB
5388,2GB
5253,2GB
5280,768MB
5279,512MB
5271,1GB
5263,1GB
5221,1GB
5213,1GB
5163,1GB
5162,1GB
5144,1GB
5124,1GB
5111,512MB
5272,1GB
5047,1GB
5033,1GB
5027,512MB
5026,512MB
5019,1GB
5018,1GB
5001,1GB
5001,2GB
4992,1GB
4914,1GB
4854,2GB
5152,2GB
4960,1GB
4961,1GB
4957,768MB
4954,1GB
4953,768MB
4923,1GB
4883,768MB
4857,512MB
5114,512MB
4777,512MB
4771,512MB
4750,384MB
4804,2GB
4803,2GB
4799,2GB
4238,1GB
5461,512MB
4566,768MB
4564,512MB
5340,768MB
4559,768MB
3883,512MB
4544,384MB
4671,1GB
4543,1GB
4469,768MB
4432,1GB
4420,1GB
4419,1GB
4406,1GB
4415,1GB
4952,1GB
4374,1GB
4397,512MB
4387,1GB
4344,512MB
4158,512MB
4159,512MB
4303,1GB
4277,512MB
4301,1GB
4219,1GB
4327,1GB
4262,512MB
4071,1GB
4239,256MB
4667,1GB
4208,1GB
4200,512MB
4198,1GB
4668,1GB
4136,1GB
4135,1GB
4130,1GB
4129,1GB
3956,1GB
4376,1GB
4124,1GB
4114,512MB
4117,290MB
4091,512MB
4059,1GB
3967,1GB
4026,512MB
3969,270MB
3968,512MB
3908,512MB
3913,512MB
3920,512MB
3919,592MB
3893,1GB
3884,512MB
3621,1GB
3761,478MB
3724,278MB
3726,280MB
3741,278MB
3725,384MB
3719,512MB
3620,512MB
3453,512MB
3672,640MB
3370,512MB
3580,512MB
3581,512MB
3408,512MB
3410,512MB
3432,256MB
3395,256MB
3294,384MB
3115,512MB
12534,8GB
12263,12GB
12264,6GB
12264,8GB
11838,8GB
11521,12GB
11521,16GB
11522,6GB
11174,12GB
11064,6GB
10851,8GB
10698,6GB
10707,12GB
10396,8GB
10096,12GB
10096,8GB
10095,4GB
10091,3GB
9840,6GB
9543,6GB
9591,4GB
9591,6GB
9353,3GB
9353,4GB
9592,3GB
9268,4GB
9268,6GB
9232,4GB
9232,6GB
9166,6GB
9081,4GB
9081,6GB
9082,4GB
8985,4GB
8986,3GB
8987,3GB
8804,4GB
8840,3GB
8840,4GB
8610,4GB
8619,2GB
8599,4GB
8593,4GB
8595,4GB
8596,3GB
8292,3GB
8313,3GB
8113,1.5GB
8102,3GB
7949,3GB
7948,3GB
7957,2GB
7950,2GB
7538,3GB
7536,3GB
7537,3GB
7534,3GB
7535,2GB
7465,3GB
7464,3GB
7466,2GB
7463,2GB
7257,3GB
6878,3GB
7228,2GB
7227,2GB
7100,2GB
7068,2GB
7069,3GB
7059,1GB
7060,1GB
7031,1GB
6882,1GB
6663,1GB
6634,1GB
6633,3GB
6632,3GB
6796,3GB
6539,3GB
6582,1GB
6538,2GB
6489,1GB
6488,1GB
6456,3GB
6408,1GB
6146,1GB
6162,1GB
6145,3GB
6161,3GB
6144,3GB
5967,512MB
5966,512MB
5968,1GB
5950,2GB
5753,2GB
5596,2GB
5540,2GB
5541,1GB
5497,1GB
5421,2GB
5363,1GB
5364,1GB
5204,2GB
5203,2GB
5148,512MB
5149,512MB
5015,1GB
4958,1GB
4930,512MB
4959,1GB
4899,1GB
4894,1GB
4832,512MB
4718,512MB
4831,512MB
4782,512MB
4781,1GB
4775,1GB
4774,1GB
4773,1GB
4772,1GB
4647,512MB
4408,512MB
4437,512MB
4436,1GB
4369,1GB
4798,1GB
4412,1GB
12572,12GB
12572,16GB
12572,8GB
12581,12GB
12581,16GB
12581,8GB
12776,12GB
12776,6GB
12776,8GB
12714,12GB
12714,16GB
12714,24GB
12715,12GB
12715,16GB
12716,12GB
12716,16GB
12716,8GB
12697,12GB
12689,4GB
12689,6GB
12689,8GB
12684,4GB
12684,6GB
12684,8GB
12388,12GB
12388,16GB
12389,12GB
12389,8GB
12582,12GB
12582,6GB
12582,8GB
12470,12GB
12470,16GB
12470,24GB
12245,12GB
12134,12GB
12134,16GB
12257,12GB
12257,8GB
12258,12GB
12258,8GB
12218,6GB
12218,8GB
12209,6GB
12209,8GB
12181,12GB
12181,16GB
12181,8GB
12197,2GB
12197,3GB
12197,4GB
12124,2GB
12124,3GB
12124,4GB
12188,4GB
12188,6GB
12188,8GB
12072,8GB
12094,6GB
12094,8GB
12092,6GB
12092,8GB
12063,4GB
12063,6GB
12063,8GB
12053,2GB
12053,3GB
12045,12GB
12045,6GB
12045,8GB
12047,12GB
12047,8GB
11953,8GB
11954,12GB
11954,8GB
11955,12GB
11955,6GB
11955,8GB
11956,4GB
11956,6GB
11956,8GB
11887,12GB
11887,8GB
11888,8GB
11904,4GB
11904,6GB
11904,8GB
11909,2GB
11909,3GB
11906,12GB
11906,8GB
11855,4GB
11855,6GB
11834,4GB
11834,6GB
11848,2GB
11848,3GB
11832,4GB
11832,6GB
11832,8GB
11850,4GB
11850,6GB
11869,4GB
11869,6GB
11819,6GB
11819,8GB
11762,4GB
11762,6GB
11580,12GB
11580,8GB
11472,6GB
11472,8GB
11652,12GB
11652,8GB
11551,4GB
11551,8GB
11519,4GB
11519,6GB
11427,4GB
11427,6GB
11479,12GB
11479,8GB
11487,12GB
11487,8GB
11453,12GB
11453,16GB
11453,8GB
11454,12GB
11454,8GB
11455,12GB
11455,8GB
11449,2GB
11449,3GB
11449,4GB
11449,6GB
11419,4GB
11419,6GB
11419,8GB
11425,4GB
11425,6GB
11180,6GB
11180,8GB
11372,12GB
11372,8GB
11430,12GB
11430,8GB
11431,12GB
11431,6GB
11431,8GB
11287,12GB
11287,8GB
11285,12GB
11285,8GB
11292,12GB
11292,8GB
11412,6GB
11412,8GB
11395,6GB
11395,8GB
11396,4GB
11396,6GB
11371,6GB
11371,8GB
11388,6GB
11388,8GB
11362,12GB
11362,8GB
11357,4GB
11357,6GB
11333,4GB
11333,6GB
11333,8GB
11334,4GB
11334,6GB
11334,8GB
11335,6GB
11335,8GB
11336,4GB
11336,6GB
11186,6GB
11186,8GB
11241,4GB
11241,6GB
11193,4GB
11193,6GB
11193,8GB
11159,6GB
11159,8GB
11181,4GB
11181,6GB
11181,8GB
11152,12GB
11152,16GB
11152,8GB
11153,12GB
11153,8GB
11137,4GB
11137,6GB
11119,12GB
11119,8GB
11129,4GB
11128,2GB
11128,3GB
11134,3GB
11134,4GB
11127,4GB
11127,6GB
11100,12GB
11100,8GB
11099,8GB
11101,6GB
11101,8GB
11079,4GB
11079,6GB
11060,4GB
11060,6GB
11040,12GB
11040,8GB
10949,8GB
11008,4GB
11008,6GB
10930,6GB
10930,8GB
10919,3GB
10919,4GB
10857,4GB
10857,6GB
10880,12GB
10880,6GB
10880,8GB
10867,4GB
10737,12GB
10737,8GB
10777,8GB
10815,6GB
10815,8GB
10665,4GB
10665,6GB
10665,8GB
10805,12GB
10805,16GB
10805,8GB
10714,12GB
10714,6GB
10714,8GB
10802,6GB
10802,8GB
10758,6GB
10758,8GB
10780,12GB
10780,8GB
10662,6GB
10662,8GB
10768,4GB
10768,6GB
10768,8GB
10769,4GB
10769,6GB
10769,8GB
10247,4GB
10247,6GB
10770,6GB
10770,8GB
10771,6GB
10771,8GB
10752,12GB
10727,12GB
10727,6GB
10727,8GB
10728,12GB
10728,6GB
10728,8GB
10661,4GB
10661,6GB
10670,4GB
10670,6GB
10615,6GB
10615,8GB
10616,4GB
10616,6GB
10582,6GB
10582,8GB
10581,4GB
10581,6GB
10581,8GB
10609,4GB
10609,6GB
10609,8GB
10599,4GB
10599,6GB
10517,8GB
10437,8GB
10473,6GB
10473,8GB
10480,6GB
10591,2GB
10399,4GB
10461,6GB
10461,8GB
10415,6GB
10415,8GB
10398,4GB
10361,12GB
10361,16GB
10361,8GB
10349,6GB
10349,8GB
10350,12GB
10318,4GB
10318,6GB
10279,2GB
10279,3GB
10279,4GB
10279,6GB
10277,2GB
10277,3GB
10277,4GB
10278,2GB
10278,3GB
10278,4GB
10233,3GB
10233,4GB
10233,6GB
10267,8GB
10266,6GB
10266,8GB
10202,4GB
10202,6GB
10200,6GB
10200,8GB
10220,6GB
10220,8GB
10235,6GB
10217,4GB
10217,6GB
10217,8GB
10192,3GB
10192,4GB
10192,6GB
10183,6GB
10183,8GB
10207,6GB
10207,8GB
10159,6GB
10159,8GB
10150,12GB
10150,8GB
10140,12GB
10140,6GB
10140,8GB
10147,4GB
10147,6GB
10126,6GB
10126,8GB
10120,4GB
10120,6GB
10109,12GB
10109,8GB
10110,12GB
10110,8GB
10055,12GB
10055,8GB
10082,12GB
10082,6GB
10082,8GB
10169,2GB
10169,3GB
10078,2GB
10078,3GB
9991,6GB
9991,8GB
9979,6GB
9979,8GB
9946,3GB
9946,4GB
9945,8GB
9936,6GB
9935,6GB
9935,8GB
9800,3GB
9800,4GB
9897,2GB
9897,3GB
9897,4GB
9892,12GB
9892,8GB
9891,12GB
9891,8GB
9884,12GB
9884,8GB
9862,6GB
9812,4GB
9812,6GB
9812,8GB
9779,12GB
9779,8GB
9769,4GB
9769,6GB
9716,2GB
9716,3GB
9759,4GB
9759,6GB
9749,6GB
9749,8GB
9791,6GB
9791,8GB
9738,6GB
9720,6GB
9720,8GB
9708,6GB
9708,8GB
9707,3GB
9707,4GB
9639,12GB
9639,6GB
9639,8GB
9498,2GB
9498,3GB
9498,4GB
9521,4GB
9521,6GB
9602,6GB
9584,12GB
9584,8GB
9583,6GB
9507,6GB
9507,8GB
9534,1GB
9513,3GB
9513,4GB
9513,6GB
9499,4GB
9499,6GB
9382,10GB
9382,6GB
9382,8GB
9378,10GB
9378,6GB
9378,8GB
9333,3GB
9333,4GB
9333,6GB
9329,4GB
9329,6GB
9293,6GB
9293,8GB
9140,4GB
9140,6GB
9247,3GB
9247,4GB
8963,4GB
8963,6GB
9249,3GB
9249,4GB
9237,3GB
9237,4GB
9217,2GB
9217,3GB
9219,4GB
9219,6GB
9185,3GB
9185,4GB
9067,6GB
9067,8GB
9120,3GB
9120,4GB
9120,6GB
8893,4GB
8893,6GB
9164,6GB
9164,8GB
8959,3GB
8959,4GB
8768,2GB
8768,3GB
8768,4GB
8898,2GB
8898,3GB
8753,3GB
8753,4GB
8818,2GB
8707,6GB
8529,6GB
8529,8GB
8776,4GB
8582,4GB
8608,2GB
8608,3GB
8608,4GB
8477,4GB
8439,3GB
8580,3GB
8580,4GB
8531,3GB
8531,4GB
8420,2GB
8420,3GB
8419,2GB
8263,3GB
8400,4GB
8400,6GB
8014,4GB
8014,6GB
8350,4GB
8350,6GB
7260,3GB
7260,4GB
8291,2GB
8291,3GB
8291,4GB
8233,3GB
8233,4GB
8212,2GB
8250,3GB
8150,2GB
8150,3GB
8007,3GB
7962,3GB
7863,2GB
7863,3GB
7862,2GB
7862,3GB
7822,2GB
7769,2GB
7769,3GB
7512,2GB
7512,3GB
6992,2GB
7710,2GB
7480,2GB
7211,2GB
6952,4GB
6944,3GB
7159,1GB
6884,1GB
6884,2GB
6866,3GB
6561,2GB
6518,2GB
6518,3GB
6365,2GB
6217,1GB
6217,2GB
5678,2GB
6373,1GB
5609,1GB
5397,2GB
4928,2GB
4929,1GB
12751,12GB
12751,16GB
12751,24GB
12751,8GB
12708,16GB
12708,24GB
12712,4GB
12712,8GB
12613,6GB
12612,4GB
12611,4GB
12435,8GB
12428,12GB
12428,16GB
12399,16GB
12399,24GB
12398,12GB
12398,16GB
12398,8GB
12455,3GB
12157,12GB
12157,16GB
12157,8GB
12096,4GB
12096,6GB
12042,12GB
12042,16GB
12015,12GB
12015,16GB
12015,8GB
12006,8GB
12005,12GB
12005,18GB
11944,4GB
11917,6GB
11698,12GB
11698,18GB
11698,8GB
11649,12GB
11649,16GB
11649,18GB
11664,12GB
11664,16GB
11664,8GB
11660,6GB
11958,4GB
11958,6GB
11612,3GB
11611,2GB
11516,12GB
11516,8GB
11379,12GB
11379,16GB
11379,8GB
11579,4GB
11364,12GB
11364,16GB
11364,18GB
11364,8GB
11363,12GB
11363,16GB
11363,18GB
11363,8GB
11700,3GB
11243,8GB
11240,3GB
11946,1GB
11203,1GB
11083,12GB
11083,16GB
11083,18GB
11082,12GB
11082,16GB
11009,4GB
10929,12GB
10929,6GB
10929,8GB
10914,12GB
10914,16GB
10914,8GB
10885,4GB
10837,12GB
10837,16GB
10837,18GB
10837,8GB
10858,6GB
10858,8GB
10798,8GB
10820,8GB
10821,6GB
10772,12GB
10772,16GB
10772,18GB
10706,6GB
10613,8GB
10614,6GB
10571,3GB
10567,6GB
11728,2GB
11197,2GB
11729,1GB
11723,2GB
10339,12GB
10339,16GB
10339,8GB
10282,8GB
10281,6GB
11725,2GB
11724,2GB
10193,6GB
10193,8GB
10284,6GB
10139,6GB
10139,8GB
11705,1GB
10070,3GB
9955,3GB
9954,3GB
9921,4GB
9839,12GB
9839,8GB
9780,6GB
9780,8GB
9712,2GB
9713,1GB
9714,1GB
9692,12GB
9692,6GB
9692,8GB
9610,12GB
9610,6GB
9610,8GB
9695,12GB
9695,6GB
9695,8GB
9433,10GB
9433,6GB
9433,8GB
9347,6GB
9347,8GB
9171,6GB
9171,8GB
9174,6GB
9174,8GB
9701,2GB
9701,3GB
9697,2GB
9697,3GB
9161,6GB
9133,4GB
9110,4GB
9088,2GB
9088,3GB
8971,3GB
8971,4GB
9038,3GB
8970,3GB
9033,1GB
8913,2GB
8902,4GB
8901,6GB
8901,8GB
8896,6GB
8838,6GB
8290,2GB
8895,2GB
8894,1GB
8793,1GB
8779,1GB
8752,2GB
8752,3GB
8748,4GB
8746,4GB
8747,3GB
8747,4GB
8677,6GB
8677,8GB
8658,6GB
8660,2GB
8615,4GB
8615,6GB
8609,1GB
8609,2GB
8607,2GB
8600,2GB
8601,2GB
8562,4GB
8504,3GB
8501,2GB
8501,3GB
8401,2GB
8401,4GB
8638,2GB
8387,4GB
8232,3GB
8300,2GB
8182,3GB
8092,4GB
8067,4GB
8091,4GB
8091,6GB
8548,1GB
8548,512MB
8044,3GB
8063,1GB
7963,2GB
8293,2GB
7943,2GB
9152,2GB
8143,2GB
7944,2GB
7868,3GB
7852,2GB
7853,1GB
7761,2GB
7686,2GB
7670,3GB
7646,3GB
7572,2GB
7485,2GB
7485,3GB
7441,4GB
7430,2GB
7428,2GB
7422,4GB
8114,1GB
7481,1GB
7656,2GB
7790,1GB
7355,1GB
8244,1GB
7294,1GB
7207,3GB
7207,4GB
7168,2GB
7116,3GB
7149,2GB
7891,1GB
7057,512MB
7058,512MB
7056,1GB
6954,2GB
6914,2GB
6898,1GB
6847,2GB
6697,2GB
6641,512MB
6607,2GB
6491,2GB
6492,2GB
6367,1GB
6579,256MB
6381,512MB
6324,2GB
6236,2GB
6236,3GB
6155,512MB
5948,2GB
5852,2GB
5853,2GB
5834,1GB
5755,1GB
5620,512MB
5659,1GB
5511,1GB
5499,1GB
5376,1GB
5330,2GB
5470,512MB
5240,2GB
5173,512MB
5133,512MB
5647,2GB
4893,1GB
5004,1GB
4983,512MB
4962,1GB
4873,1GB
4597,1GB
4585,512MB
4586,256MB
4598,512MB
4608,512MB
4506,1GB
4467,512MB
4304,512MB
4290,512MB
3391,512MB
